EPO and the placebo effect,unbrainwashed,0
Conner Mantz just killed a 3k,hobby jogger1,0
What % of the US population actually supports letting transwomen kick biowoman azz in sports?,"Man, I Feel Like a Woman!",0
Tempo's for 3K-5K focus,midD,0
Biden announces 1st day order of business. Allow biological males in women's sports,ocin3125,0
Official LRC President Donald J Trump Thread,Quality posters only,1
What kind of dog should my wife and I get? ?,Jack jack jack,1
OMG-COVID Vaccination- Smokers Prioritized in NJ,Jerryskidz,1
"Gen Xers don't want to hear it, but E-Sports will 100% be in the Olympics one day",Hardloper,0
I ran sub 1:30 HM how to get sub 3:00 marathon,Sub 3:00 marathon workouts,0
Is 10 x 40 seconds hills with 2 min rest a good aerobic workout or too much anaerobic ?,Chepte-GAY,0
The Official Jan Stensson / DANCAN system thread,Let him prove it,0
Mile TT Prediction,lmao hope im not found by my teammates,0
Herd immunity q and vaccine distribution,Renewed Marathoner,1
Wear a mask.,The Unkle,1
You have $250k to start a business...,Business owner wannabe,1
Runners and skiing,Help needed,0
2021 Virginia Showcase,FastTuohy,0
Down goes the Dow,Klondike5,1
Honest and optimistic picks for Tokyo?,TokyoIfItEverHappens,0
How is it everyone on this board says they make 250 thousand a year have big homes and a beautiful wife and run 15 flat 5ks,let's Run.Com boards,0
Naples Half Marathon Official Discussion Thread,holpin,0
Sam Parsons joins OAC,Bojack12,0
Katelyn Tuohy sighting!,TouYuber,0
Why is Galen Rupp so evasive on questions about his training?,jamin,0
Do carbon/nylon plates reduce risk of injury ?,Shoe Question,0
Brianna Rollins-McNeal - one of America's 4 track Olympic gold medalists in 2016 - is banned (again) for tampering,rojo,0
New Indoor Triple Jump WR - Hugues Fabrice Zango,Florida Boy,0
Morgan McDonald Doing Work...,Standard Setter,0
High mileage in budget shoes?,crisscrosscountry,0
Update on 6 Month Lydiard Style Base Training for a 17 Year Old,RunnerWithoutAnAerobicBase,0
How does Ritz only have 10K followers on Insta?,bartholomew_maxwell,0
Joe Rogan 5k time,Charles Bass,0
My sisters husband died today of a heart attack and l put a laughing face on Facebook by mistake help!!,everyone hates me,1
Any recent U.S. citizens?,your huddled masses,1
Does BTC have sprinters?,Skyline Eagles,0
The BEST part of being a coach is that you have free 24/7 access to training facilities,the430miler,0
"Harrisburg, PA tracks?",PA runner,0
Washington State XC Returning February 2nd,WA Runner Fan,0
Help! Are my max cushioned shoes causing injury,cushionator,0
Is Japan hiding coronavirus deaths? Where are the overwhelmed hospitals and mass graves?,jamin,1
Why in America William = Bill Richard = Dick ? Don't make sense ðŸ¦‰,Fresh Pedro,1
NFL Playoffs picks,NFL Playoffss,1
Is lifting weights better?,ohhhh,0
New Balance beat Nike at scamming the New Shoe Rule,Track Spikes,0
!!! NewBalance FUELCELL MD-X !!! they break the shoe rules,BelgianT&Flover,0
focus on speed or endurance? freshman,confused what 2 do,0
Just how good are the new Nike and New Balance spikes?,reggojybboh,0
Controversial opinion: crispy pancakes are better than fluffy pancakes,breakfast boi,1
What are your NFL Playoff Predictions?,"No need to watch, this will happen",1
Post-Cancer Comeback,Sub-8 Mile,0
Sub 19 Minute 5K Training,md006,0
How to become the best 1500m runner,Flollruns,0
Ryan Hill to NAZ is a nothing Burger.,slow news day,0
WesFly is being held prisoner by the NCAA,WesFly CEO,0
2021 College Track & Field Open Coaching Positions Discussion,constanthail,0
"INSANE Morgan McDonald Workout (4xMile, 16x400)",@TheRunningEffect,0
Marathon pacers for hobby joggers,How come?,0
Trueform Trainer Treadmill opinions,camus,0
"Nice book excerpt from Running Periodization: Training Theories to Run Faster by Jason R. Karp, Ph.D.",rojo,0
2 things I learned from the RW feature on Mary Cain and Alexi Pappas 1) Salazar put Cain on a Greyhound bus to go to WJrs and,rojo,0
Would vaporflies work in slick weather.,bobbysiko,0
Explain how standardized tests are biased,they seem fair to me,1
Dear millennial men: please stop buying into the lie that you need to be more like a woman if you want to attract women,sharer of wisdom,1
Did you see today's epic track and field related Jeopardy fail? (video),rojo,0
What the hell. Dr. Fauci admits to the NY Times he's purposely misled us yet again about % needed to get to herd immunity,rojo,1
Predict my future times based on my 9th/10th grade PRs,Barely varsity 7,0
"39 former pro soccer legend, David Villa, runs 38:09 -10km in Madrid. Very impressive.",Ghost1,0
4:20/9:20 training paces?,pablomozart,0
Democrats have been inciting violence over the last 4 years,new video every day,1
The Athlete Special click bates people with his 4:37 last mile that was really a 5:30,athlete special,0
How important is the long run for a 5k and is 10 miles enough,5k in a month,0
The first man to break Steve Prefontaineâ€™s American 5000m Record!,IPlayTrackFoundation,0
"Please help me think through a major life decision, moving to Denver from DC",xkcd1234,1
First Migrant Caravan Amasses at Border in Anticipation of Biden's Inauguration,bartholomew_maxwell,1
16-year-old Erriyon Knighton (20.33 200) turns pro with adidas,Jonathan Gault,0
Runners who are permanently injured,awesomeblossom,0
TJ - World indoor record,ldp205,0
Resource for meal prepping for endurance athletes,hemingway of 140 characters,0
What's the difference between Excited and Super-excited ?,TMADDDHASFNE,1
Capitol riot: something seems amiss,osullivan,1
Betsy Saina will make the USA Olympic marathon team in 2024,LTC banned me for life for posting running material,0
Kicking the last 400m of every run hard?,CopperRunner,0
Dennis Kimetto sighting!,sub sub elite local hobby jogger,0
Join Eddie Izzard as she runs 31 marathons in 31 days,Coevett,0
How many posters on the board from Edmonton?,Greg,1
Metatarsal Stress Fracture,breakablerunner,0
Why the 1500?,Please explain!!,0
Democrats destroying DC and assaulting people during Trumps 2017 Inauguration,new video every day,1
PRP injection into PTT,RobA,0
eBay collegiate singlets turning up,darkmerlin724,0
Help With Treadmill Speed Calibration,txRUNNERgirl,0
Russian long jumper Darya Klishina debuts her music video!,jamin,0
Fair or foul: Princetonian who has never set foot on Princeton campus sets Ivy League pole vault record,rojo,0
Fartlek or tempo?,Brockoli,0
What injury is this? Lower quad pain,CAA,0
Can someone please explain to me why Eric Bieniemy is being passed over for a HC position??,I thought racism no longer exists,1
"Training based on effort and time feels liberating and might be beneficial (Or is it laziness, I ask?)",jamin,0
What sports do you do?,hindy,0
5km/10km/21.1 Training Schedule,ScottKDougan,0
Can I remodel a kitchen and bathroom myself?,non-fatty,1
William & Mary XC/TF,DisappointedW&Memployee,0
"Review of ""Out of Thin Air"" as I read along...",axl,0
UTEP indoor track season cancelled but...,middlingNAIAcoach,0
Please help me return to fitness,struggling college runner,0
Question for horse people,Juice Springsteen,1
"Why is ""Metric Mile"" 1500 and not 1600 meters?",Four Full Laps Makes Sense,0
Is sleeping outside in a forest a good idea while training?,Socialanxietyrunner,0
How is Sweden doing with COVID-19 today?,chad bro not chill,1
Ryan Hill details why he left Nike BTC for Hoka NAZ,Ryan Hill speaks,0
Tribute to 02:20 Marathon,Canefis,0
Is sub 5:00 for the mile good?,Just wonderin,0
Why is Ï€ an irrational number?,Lambert,1
lifting routine for strength,zooman15,0
What is the best movie with a Talking Heads song in the soundtrack?,same as it ever was,1
Just bought an Akita dog breed...,Big Heb,1
Does EPO give you more energy?,how does that work?,0
Pigeon miraculously travels from US to Austrlia....Australian officials say they are now going to kill it,rojo,1
Question about Lydiard's shakeouts where your grandma could keep up,(username here),0
"Look at a track athlete's accomplishments across all spheres, would you say that Alexi Papppas is the most accomplished athlete?",Aunt Beatrice,0
"Someone called Trump the 401k President, Biden 201k....they were right.",no JAmp?,1
NRA files for bankruptcy,Ginandtonic,1
When will Allie surpass The Athlete Special in subscribers?,TMADDDHASFNE,0
Austen Alexander Brings a Real Crossfit Champion on,bartholomew_maxwell,1
relocating for summer/fall training,sdfkjbndsbvksndfklvnskdfvkj;sdfnvdfslvbn,0
trying to get fat--anyone else?,ordering more wings,1
Chargers hire Eric Bienemy!!!,go Chargers!,1
How Many Nuun Tablets Would it Take to Flavor the Ocean?,muddyxc,1
Training saddles for stationary bikes,docLorna,0
MIAC XC 2020,Miac2020,0
Just read a running book and ...,fastboy77,0
5000 vs 8000 ft Altitude Training & Living,TreyDizzle,0
"Born on this day in 1875 was the first Olympic Champion in the 100m and 400m, Thomas Burke.",IPlayTrackFoundation,0
Serious thread about election fraud,runnerguy2016,1
Ken Jennings is killing it as host of Jeopardy,shifty principles,1
I ran 150m in 19.95. How fast could I go for 200m right now?,Jess01,0
"Born on this day in 1907 was an Olympic athlete who executed during WWII, Janusz KusociÅ„ski",IPlayTrackFoundation,0
Is Abeba Aregawi update,fghrunner,0
How many bananas would it take to fill the Grand Canyon?,crazy day!,1
What do yaâ€™ll think of this guyâ€™s training ideas?,Legolas,0
Whats good about the racewalk?,whytho?,0
Marijuana and running,thcguy,0
Could anyone at the US Marathon Olympic Trials dunk a basketball?,LadariusG,0
"What is the asics ""knit?""",holterskolter2,0
Poland proposes social media free speech law,deydododoedontdeydo?,1
I need help improving my 1600m training,KidWhoNeedsHelp,0
Is a wendys 4 for 4 bad every once in a while?,Socialanxietyrunner,0
Russian athletes propose that this folk song be played in place of national anthem during the 2-year ban. What do you think?,rojo,0
How to find training in MI,CoachingQuestion,0
What Pro runners have not had their contracts renewed?,possibly incorrect,0
Anyone have Covid and lingering issues?,post covid jungle,1
Why do people who people who treat 'socialism' like a bad word...,no JAmp?,1
Race predictor based on this workout,intheZOEn,0
Big weekend this weekend,This is Jim Kiler,0
Any math guys here? What have been the most practically useful math classes you've taken? The least?,Taking math,1
Total Running Productions: Usain Bolt could have run well under 43 for 400m.,Sledge_Hammer,0
treadmills,JakobOD,0
Quote of the Day Makes Fun of Blue Collar American,This cultural elitism will not stand,0
Why compassion for covid but not the unborn?,snicksnacksnorum,1
Hann Running Shoes,RunnerGuy412,0
"Daily Debate: If Mo Farah wins Tokyo 10,000 gold, will he be the GOAT of track distance runners?",rojo,0
On the comeback 49 years old 2 sessions a week or one and more miles per week,pr driven,0
El Guerrouj 2k WR - Incredible 3:49 Mile pace,Hmm09,0
Local 10k Victories,blueribbonhopeful,0
A Statement from the CEO of WesFly Athletics,WesFly CEO,0
High School vs College Cross Country,7minmiler,0
Doctors can be useless. A Rant.,bot bot bot,1
posterior tibial tendonitis - experiences?,healing so slow,0
10 beers or 15 Pepsis?,Wrong Message Board?,1
Chances of Tokyo Olympics this Summer: I say 3/10,DC Wonk,0
Peroneal tendonitis? Please help!,PM22,0
Whatâ€™s a good height for guys?,Scdfen,1
Sub 4:00 Milers Progression,Calicoach,0
Saved by the Bell superstar Skreech has stage 4 cancer.,Aunt Beatrice,1
"Progressive A.G. who won't prosecute threats, disorderly conduct accused of making threats, disorderly conduct",math genius,1
Describe your most anomalous racing performance - AKA your Bob Beamon moment,The Dump Truck,0
Fuelcell TC discontinued?,Fuelcell TC discontinued?,0
Olympic Champion Brianna McNeal 8 Year Ban pending,ukathleticscoach,0
Men and WOMEN can't be JUST friends.,asdf33afg,1
The High Mileage Test (Inspired by NIKE FREE ME) Training Log,adidas free me,0
If you think Tracksmith is expensive....,camus,0
What happens to Nike.com returned shoes?,not trolling,0
Why are my teammates so lazy?,Sham 69,0
Basketball handbook recommendation?,anonymous999,1
Anyone have any good stories from the call room?,Jonathan Gault,0
injuries,kristene.,0
NRR - unable to highlight and copy text on LRC threads,did,1
(Road Racing and) Time Trialing and Training Thread - Week Ending 1/10/21,The Stone Cutter,0
Covid has to start running out of gas soon.,Math Genius,1
"John Woodruff rubbed ol' Adolph's nose in it, along with Jesse Owens.",Alex S.,0
Inner knee pain,BadKnee,0
JW?,Is this really proper training?,0
Running and Intermittent Fasting,An anonymous poster,0
"Should I care about workout times, instead of effort, during the winter?",Let it Rupp,0
Training to failure,107101,0
No Farah back in Ethiopia,watch thief,0
Sub 4:45 training log,cramister,0
"Woman breaks nose in ultra, stops bleeding with tampon and wins the race",LetsRun.com,0
Unofficial President Joe Biden thread,joedirtty,1
St. Paul's Human Race,otto,0
Pacing for Tempo Runs,10h,0
Training Blocks,KidRunner,0
Nathan Martin is fastest US born Black male marathoner of all time (2:11:05),Televised and live stream,0
Coke or Pepsi?,old guy 75,1
Putlockers is closed. Any Alternatives?,bryanthhen,1
MPSF CANCELS 2021 INDOOR TRACK & FIELD CHAMPIONSHIP,Televised and live stream,0
"It's on!!!!! Kibiwott Kandie says he will go for 10,000 glory against Cheptegei, Kiplimo and Farah in Tokyo",rojo,0
Top Kenyans to watch out for in 2021,Ghost1,0
Mobile application for 2021,victoria12345,1
National Senior Games postoned,Senior Track athlete,0
"Track question on Jeopardy, epic fail!",Luv2Run,0
Zach Levet Illegally Selling Nike Embroidered Apparel?,lsbdisbj,0
Outdoor Public tracks in Tucson that are open,tucson speed demon,0
data scientist training,maneesha2312,1
Why do people yell at me when im running,Strivetobebestcanbe,0
"New study says there is no limit to exercise that will help you, dispelling myth you can do too much.... Or does it?",rojo,0
The Woodlands Marathon 3/6 calling all SUB 220 Marathoners!,Neftjsn,0
Did Jamil Coury quit running?,The JIM!!!!!,0
What's a good weight for women?,Aunt Beatrice,1
NCAA XC Selection Committe,I dont have a name on here,0
60 Day Shoe return Policy - I just returned a pair of sneakers on Day 59 ðŸ,Fresh Pedro,0
This video made me cry tears of laughter ðŸ˜‚ðŸ˜‚ðŸ˜­ðŸ˜­,Sham 69,1
Can someone share his/her post torn meniscus root repair experience,slowleg,0
1936 olympics question,walkdontrun,0
1500m training not working,aquashades,0
Ben True to Reebok Boston!?!?!,Grafter,0
Career Choices -- Need Help!,This container is too cold,1
Is there life after death? Respond to the following argument!,science is a way of life,1
The Election Fraud Report is HERE,suree,1
What is the coolest thing about being a d1 student athlete?,cool,0
Large Selection of Racing Flats for sale at half price,drdachel,0
How are you doing so far in the new year?,Greg,1
Countries which are doing the best in terms of vaccination right now are also doing the worse in terms of daily deaths now?,dxttfdtdr,1
Do ANY of You Still Run?,Historyer,0
Dr. Thomas wuerz - hip labral tear,Molly916,0
"Wow. TV actor Tucker Carlson exposes weird, racist writings by Joe Biden's Assistant AG nominee.",Undecided Pennsylvania Voter,1
"Parler, free speech website, taken down from the web",The Unkle,1
How long before indoors is cancelled?,iMEinTEAM,0
Predict my marathon time with this 5x18 workout,bad advice taker,0
Jakob Ingebrigsten,JakobOD,0
Virginia Showcase,bolero1,0
Looking for a Wide Stability Shoe with Wide Toe Box,datHindLeg,0
Casino Royale > Skyfall > Quantum of Solace ,James Bond 007 Yeah BOY,1
Boston Area Runners - Anyone use this PT clinic and have reviews?,RunningFoDough,0
Top 3 Running YouTube Channels,Rankings,0
Electric lawnmower recommendation?,wejo,1
Persistent Hip to Knee Pain,gsmith,0
Will we see protests and kneeling at Tokyo Olympics?,Disko Eric,0
Who are the big-name coaches from Morocco/Algeria and what are their training philosophies?,Alex S.,0
Promising vaccine results,Budda,1
Fastboy Finally Figured It Out And He Can't Wait To Share,fastboy77,0
How does masturbation affect my running?,Iâ€™m that guy,0
High School female winter training plan,RF223,0
Ryan Hill leaves BTC. Update. He's signed with HOKA NAZ Elite.,alexi pappas,0
training,poopsock,0
Sondre Moen leaves Nike,european updates,0
What would Kevin Castille have run clean and would he have made the Olympic Trials,let me know,0
Nhl player currently on a 50mil+ contract files bankruptcy,addicted to blue cheese,1
Starting to feel animosity on my runs,beaconfan,0
USTFCCCA certification vs USATF certification for collegiate coaching,Roy36,0
Seth Demoor Naples Half Marathon Prediction,Buzzards,0
Do people still run in hoodies or is that old fashion???,Mr. Serious,0
Based off of this workout what's my mile time?,not terrible smallschool miler,0
"Lockdown era take-out food: higher prices, lower quality",jamin,1
Bravey Review (Alexi Pappas Book),avoid,0
Plantar Fasciitis problems,ThePinkFlamingo,0
Adios Pro Outsole Durability,Gorilla Boy,0
Anyone with CBD experience that helped with lingering tendonitis pain?,run rinse repeat,0
Is V02 max age graded or an absolute metric?,bartholomew_maxwell,0
Olympic gold medalist swimmer among Capitol crowd,Bannana Bread Slice,1
1200 time trial tips,noracesinsight,0
Anyone here run and play table tennis?,pingpongrunner,0
Am I a baby or are socks on slippery floors a minor injury risk?,x days without injury,0
Who did it better? Pre 5th 72 olympic vs Jacob 5th world championship,nothing like fading,0
How many guys at your high school run sub-2:00 for the 800m?,Tryna make a point,0
Best tennis player on LRC? ,Hingle McCringleberry,0
HIGH SCHOOL T&F IS BACK THIS WEEKEND!,@TheRunningEffect,0
800m training,Juandinio,0
Anybody worried about Letesenbet Gidey,Gidey fan,0
Lactate Threshold wonâ€™t improve! :(,whynoimprovement,0
Can i train with a college team?,depressed ex college runner,0
NAU and Mike Smith Training,NAU XC?,0
Apple vs Acer: what is a better computer?,Need something New,1
Best Apple Watch App,jeb6294,1
Women runs 520 miles on treadmill in 7 days but doesn't get WR as Guinness says her witness doesn't count,rojo,0
Britain has vaccinated more people than the entire EU,deydododoedontdeydo?,1
Hugging lady.,Sham 69,1
Best running motivation videos to watch?,ThePinkFlamingo,0
Anyone try a weighted blanket?,camus,1
Anyone Have Experience with Vivobarefoot Shoes?,crisscrosscountry,0
"How can someone be positive but asymptomatic, and someone else is absolutely wrecked for > a month?",DK ditty kong,1
"social anxiety, anyone have the same issue?",Socialanxietyrunner,1
AlphaFly; '1st Impression',hr measurement,0
What Burning does to your body?,divatrimau,1
"So it looks like German European solar energy is going downhill, SolarWorld in insolvency",Not so green me,1
Harden/Durant/Irving salary v every pro runner,Dollars not sense,0
Anyone ever marry their FWB?,Friends 4 Life,1
Researchers: One face mask is good. Two is better,rojo,1
Get a traditional car loan or refinance my house?,Rainy Day,1
Latest facebook post ryan hall claims 505lb deadlift,San Diego Hobby Jogger,0
NY Times: Cunnilingus is more likely to lead to throat cancer than fellatio,"sorry honey, i'm afraid of cancer",1
ST Francis HS of Sacramento Coach Charged with 2 Felonies,Dark Times,0
how much should I be eating at 70mpw?,hungry man,0
Has anyone seen the Human Centipede? Is it the most disturbing movie ever?,Aunt Beatrice,1
Calling All Car Loyalists: When to call it quits on my â€˜97 Camry,SausageKINGofCLE,1
Anyone start their own business?,business owner wannabe,1
How has Gwen performed to your expectations?,i did triathlons too,0
Running jargon can be kind of confusing,BobE,0
Blog,EvanRogotzke,1
What is up with these costumes?,Asking for friends,1
Winter training,BD,0
"So you've all gotten rid of your Apple and Google phones, right?",America's fury,1
800 PR vs 200 PR,poor_periodizer,0
"We need to race when peaking, not just date of race",mofarah44,0
GIS v. Web Development,career monkey,1
Cvs covid test result on a weekend,runningmama0419,1
Aerobic threshold,10h,0
Taking 2-3 days of active recovery following 14 days of solid training,curiousss,0
Where to find Erik van Ingen's The Real Maine Trailer w/ Kyle Merber?,SummerH,0
Returning to in person school soon. Coping with the new normal?,Sham 69,1
Does Eliud Kipchoge have a bunion?,crookedtoe,0
Poll: Should Tokyo Olympics be postponed?,Wet Coast,0
Underage kid drops out of high school to go professional in track,the430miler,0
Best way to design a year-long training program - time vs mileage based?,Hazel,0
Andrew Bumbalough retires,cottonball,0
Running three times in a day?,cidki01,0
Looking for a vacation- best place for an American this winter?,nags-8,1
Opinions at the gym,norozco64,1
Just Won My 14th Virtual Race of 2021 - Ask Me Anything,Uncle Rico,0
Closing on a new home the first week of March. Should I sell off mutual funds now or wait?,buyer of homes,1
What I've learned from surveying almost 400 runners who've qualified for Boston,miloandthecalf,0
"Geoff Burns on super spikes ""2021 on the track is going to look like 2018 on the roads""",wejo,0
2021 USATF Indoor Championships cancelled,Jonathan Gault,0
"Jenna Wrieden is new coach at HOKA NAZ Elite (ASU '06, former asst. at Queens, head at High Point, and asst. at Louisville)",did,0
How to get to FL Regionals,Average High School Runner,0
Stop letting Notre Dame into the CFP playoff,BLM!!,1
Has Anyone had Morton's Neuroma Surgery?,M-m-m-my Neuroma,0
"Original Zoom Fly FK , Pegasus 35, Pegasus Turbo 35",Crunchy Frog,0
"Investor Jeffery Gundlach on going back to pre-coronavirus normal: ""You can't put Humpty-Dumpty together again""",jamin,1
Hoya Flash Sale,Naperville Runner,0
Biggest tips for succeeding in distance,Endurance and such,0
What shoes are all these new Puma people going to wear?,This is Jim Kiler,0
Seth Demoor Half marry WR attempt,bumble ough,0
Smoking marijuana and competitive runners,Runnerreefer,0
Unfinished Business - Jim Walmsley about this upcoming 100k race,No I am not a Walmsley fanboy,0
Hot Take: Cheptegei wonâ€™t win any golds in Tokyo,stupididiot,0
Bumble and online dating issues,BigFanRon,1
Anyone here done an MA in Economics? What math courses would a strong applicant take?,Hopeful future non-loser,1
"Armory NYC Closed for ""Community Iniative""?!!!",Puzzled,0
What is PWRRUN Foam like?,drhase,0
major repetitive blood blister in weird spot,someguysomewhere,0
"Brojos, can you do something about the Psychic Monday ads?",Concerned LRC Fan,1
I got second vaccination yesterday,not sick of covid,1
High School Distance Recruits 2021,High School Distance Recruits 2021,0
Rust Buster weekend !,dr no,0
Twitter rebukes internet censorship in Ugandan elections,wait what?,1
Which is the WORST Kept Secret in T&F: OAC or Molly Seidel?,@TheRunningEffect,0
Having a horrible cross country season?,Runner3,0
"Regarding quote of the day: USADA is good, WADA is bad and needs to be reformed",usada has it right.,0
AgeGradeCalculations,WhatGives,0
How to install Lexmark printer driver on Mac,kennyguide1,1
How long/intense is your warm up for a 5k race?,Sub17Hopeful,0
Matt Boling's performance dropped off from HS to college,jdshkdjha,0
Can a sub 4:30 mile be done without any speed work?,A 431 miler,0
NC State video,TouYuber,0
"Statista.com lists Corona Virus deaths per million as 1243 UK, 1155 USA",Draft Kings forever,1
How do you break the cycle of being injured frequently?,breakingthecycle,0
Tallahassee: The best place to train in America?,vino tinto,0
Financial gurus: What do you think?,Marcus S.,1
furniture industry usa,nepi23,1
SportTracks 3 end of life - HELP!,bad april fools joke,0
Does anyone still use ereaders?,rare,1
Is there any competitive running performance advantages to using Viagra?,^,0
"Facebook bans Dr. Ron Paul, M.D., former Congressman (R - TX)",jamin,1
Nothing... And I Mean NOTHING...Tops Easy Running!,fastboy77,0
Running Schedule Review / Thoughts / Suggestions,erios22,0
Out of touch Hollywood Elites,be smarter,1
NEED HELP! 1600/3200 training advice!,pablomozart,0
Let's talk about running socks,Need sock advice,0
Which Jogging Stroller Should I Get?,wejo,0
The first amendment is supposed to protect the speech you HATE,pauliewalnuts12,1
Dentist Touching Neck......,fastboy77,1
Sinus Tarsi Cortisone Shot,hashslingingslasher123,0
sub 1:30 half marathon/sub 3:00 marathon,Teen Runner,0
Class of 2020 top boys runners. How are they doing so far? Any insider info or rumors?,Rommel - the Desert Fox,0
PSAL Distance Runners of the 70s-80s,Micheal wassfu,0
Chasing Master world records after 20 years .,"Jan Stensson , Coach JS",0
"FBI warns ""armed protests"" planned for all 50 state capitols and WDC",Armstronglivs,1
Random fact of the day: Steve Sarkisian's wife - Loreal Smith Sarkisian - was a 12.81 100 hurdler in 2011 (12.64w),rojo,0
Whatâ€™s the best/most memorable sporting event you ever saw live in person?,Scubacane,0
Boston Marathon 2021...what are the odds it even happens?,Hopkinton to Boylston Street,0
Cop killed one day before retirement,Rainy Day,1
University of florida running team options,runcloser,0
Short Interval Volume...............,fastboy77,0
Nick Symmonds 2021 fitness goal predictions?,wolfzack,0
David Goggins has likely got 100s or people injured with his â€œâ€˜motivationâ€.,How many turds,0
Running Again After Overtraining. Need Advice,Thanks for your help,0
Live in LA? Looks like your kid might be learning from home until 2022,comedyre1i3f,1
New Balance Sticks With Kim Conley,I'm Shocked,0
Serious stomach pain while running?,katyasch,0
Iran Activities and Concerns,Ramadan Runner,1
Kyle Merber makes official retirement announcement,RIP NJNYTC,0
"BREAKING : Scientist have found a CRAZY FROG , more Crazy than last Crazy Frog",Frog Science,1
New Ethiopian Athletics Book,ouray chalet,0
what is the strangest shoe a Oly wannabe raced in on Saturday?,RW reader,0
Found out that the building going up next to me is government housing ðŸ˜ ,jamin,1
Hardest workouts you have ever done?,mid distance life,0
"In garrison, does the military care about OSHA?",does OSHA apply to the military?,1
Good mid grade treadmill,camus,0
JENNA MF HUTCHINS - Runs 15:58 - 1st US HS Girl To Break 16:00 in XC!!,Quorum,0
Study of 16 Elite Runners Gives Clues for Achieving Two-hour Marathon,DanM,0
"Will Justin Fields be the same NFL flop as Troy Smith, Terrelle Pryor, B Miller, J T Barrett, Cardale Jones, and D Haskins?",Sally Vix,1
Nick Saban GOAT,Luv2Run,1
Long QT syndrome,longqt,0
Very long run and parasympathetic overtraining,whynoimprovement,0
Sarah Disanza is back,truer than true,0
"If US goes rogue, could become WADA non-compliant and be banned from Olympics",Pound it down!,0
Left calf/Achilles tendon locks up when running on a tilted surface,slightly confused,0
Vaping and high school running,mil.4_,0
Tour de Zwift...anyone?,Camelboy,0
Insights into Zola Budd training in her youth?,Old Man Runners,0
Best days to do strides,stride questioner,0
Hill training for 400m runners,Juandinio,0
Should I eat honey before a race? And how long before???,floridaman,0
We need alternatives to Amazon FAST..This tech collusion and censorship is out of control,bartholomew_maxwell,1
Floatride Energy 3,jvarunner,0
50+ Masters Training and Racing Open Forum,lucKY2b,0
hardest workout you have ever done?,roll em innn,0
"Looking for ways to make extra cash on the side, anybody have any suggestions?",WinnytheBish,1
Huntington Uni drama,NAIA drama,0
Soundproofing room with treadmill in it,satin666,0
........PSAC.......,new thread starter,0
Jim Cramer says Zoom will lead to a bull market in cosmetic surgery,jamin,1
Will Chris Derrick get Dropped from Bowerman?,@TheRunningEffect,0
How do you come to terms with the fact that your destiny is average?,another average joe,0
'Super Shoes' effect on Age-Grade Performances?,it's all about the AGE GRADE,0
Underwear Under Running Shorts?,Not Enough CTC,0
How far can you swim under water with one breathe?,island man,1
"Financial people, explain this inheritance situation",she aint messin with a broke broke,1
Who are the fastest athletes outside track and field,speed killz,0
"JC Penney Bankruptcy Sucks for Nike, Adidas, Supreme",Jeljo,0
Indicator workouts for sub 16?,whonamestheirkidgerman?,0
Andrew Colleyâ€™s Pool Running Workouts. With or without belt?,Running Guy 007,0
2020 Sub 4 high schoolers,Sub4Legends,0
"Thoughts on 5,000 TT result",jiggyjiggy,0
4x800 workout to predict mile time,8hunnid,0
Gorillas test positive for Covid-19,running2begood,1
Hs vs college,hs runner 696969,0
JK- whatâ€™s the most rational explanation for how Sara Hall runs significantly faster at age 37,trainedbyjesus,0
Bill Belichick and Jim Jordan to receive the Medal of Freedom?,perspective.....,1
Ultra marathoner runs the length of New Jersey. 197 miles in 44:42:21,DanM,0
Brees vs Brady part 3 Sunday in New Orleans who you got and score too,Brees vs Brady part 3,1
Last American Civil War widow dies,deydododoedontdeydo?,1
I think I've come up with a very smart and innovative workout idea! Thoughts?,Sham 69,0
How in the world is Clemson's defense (and all NCAA teams really) so bad?,rojo,1
Internalized Misogyny,Humidity is my altitude,1
"Stephen Colbert is such a cynical, hateful unfunny worm",pauliewalnuts12,1
It's about time.........,Torture,1
ðŸš¨Zach Levet Exudes Supreme NarcismðŸš¨ Vlogs Himself Watching... Himself...,Sham 69,0
How many times can you bench press 225 lbs?,kingkhabib,0
Dating websites now promoting silent 911 application,the430miler,1
"Made a Twitter for running content, who should I follow?",ohiorunnerguy,0
Anti-Psychotic drugs affect the athletic potential of a person who takes them?,TripleJ,0
"Viren, Snell, Ryun, Elliott books",anon anon,0
Mileage per Day = Month of Year: Running Plan,WyoKid,0
Official thread to discuss moderation policies,wejo,0
New Balance Maine Distance Classic,miscott,0
Kris Ihle Helledy,Heywood Jablome,0
Good College Football Team = Bad State Rankings,MeHereYouWhere?!,1
Belichick reject MOF from Trump,camus,1
Is there any consensus on if it's a net health positive to use tanning beds in the winter time?,tan well,1
Spencer Brown FARTS on His Girlfriend! ðŸ˜¡,Sham 69,1
Krar & Foote Rim to Rim to Rim for (Jim Walmsley goes home devastated!!!),igotoneforyou,0
Is Nick Symmond's YouTube channel going to help grow the sport of running?,Middle Distance Mac,0
Peroneus Tertius swelling - Please help (Pic),desperate for help,0
Tenjet / Tenex Surgery for Achilles?,Maxstabilityguy,0
2021 Inauguration,josiahi l Williams,1
Can we just move all the non-running threads into a sub-forum?,Orange,1
"Even in progressive Iceland, academic freedom is under attack",TMADDDHASFNE,1
Healthy Doctor Dies After Receiving COVID vaccine,At Your Own Risk,1
"5 x 30 minute runs per week, what would your ideal training be like to get faster? (relative).",mtlrun,0
How many people actually went inside the Capitol?,honest question,1
Tonight Ohio State beats Bama silly and Nick is let go after the embarrassment,Bama goes home devastated,1
British Coach Lloyd Cowan passes at age 58,restinpeace,0
He's baaaack! LRC coaching Guru JK (John Kellogg) AMA Wednesday 2pm eastern,wejo,0
Merkel is OPPOSED to Trump's ban from Twitter,bartholomew_maxwell,1
Informative Essay on Running,high school student,0
"Professional World Of Warcraft players make $1,000,000 a year... professional runners make less than 50k a year, wtf..?",Asmonbald,0
"Is Avia really a ""big name in running shoes""?",Mad Word Nerd,0
Cheptegei's open 400 meter time,Hattrick27,0
What's your favorite font?,Total Fan of The Printed Word,1
Ben Barrows is Back Baby!!!,TMADDDHASFNE,0
Is it important to do a long run every week or like 3x a month is good,in the long run is it ok,0
Easy runs make you fast?,Easy Peasy Lemon Squeezy,0
Marathon incentives for the commoner,ilonggo,0
Steelers!,mofarah44,1
ROLL TIDE,red5,1
"A guy I loosely know has run over 4500 miles at 6 minute pace in Next% shoes, guess what his marathon PR is.",WinnytheBish,0
Are bun huggers dead?,trackandfield230,0
"Jimmy Gressier double race : 13:39 5K , 30 min later 28:13 10k",Niks,0
NORWAY sportiest nation in the world,KaareV,0
"Now that the US election is over, why is Covid still a thing?",it's worse than ever in the UK,1
"Bad news for runner dudes, women really do find muscles attractive and skinny unattractive",skinny runner guy,0
Should I be concerned about this niggle?,possible,0
How hard is it to do one legged squats (aka pistol squats)?,aka pistol squats,0
What is happening at the Capitol building is insane right now,help me break 16,1
training rarely adapted to the pacing structure of racing,marwar,0
Why do I spend every waking moment reliving high school in my mind?,We were all younger then,1
Does Twitter ban BLMers for inciting violence?,Silicon speech police,1
Why would someone EVER spend $650 on a freaking vacuum cleaner?,skeptical consumer,1
Racing too slow?,Race vs. Workout,0
I can squat 250+ for reps but cannot do pistol squats,Trevis;,0
Need a UK 400m coach,Malcomeherenow,0
No ones impressed that youre a clydesdale,Annoyed at everything,0
BREAKING: Rapper Master P Looking to Buy Reebok for $2.4 Billion,MeHereYouWhere?!,0
Neon Genesis Evangelism: WTF,hautabomb,0
"Robert E. Lee statue to be removed in Richmond, Virginia ...what's next??",SadWorld,1
Armory closed for the rest of Indoor.,please stop now,0
"Seth James DeMoor is FIT, ready to break 1:05 next week",jamin,0
Alfred Kipketer banned for two years,Coevett,0
Woodway Treadmill and low bone density,ballerina2180,0
"NY Times Crossword: ""Brief race, in brief""",Bring Back the K!,0
Can the average or median Olympian break 6 in the mile when they're in peak shape?,Possible??,0
adizero-rc-2.0,LateLifeRunner,0
Indoor Results,Big Boy in the NCAA,0
BREAKING!!! Gwen Jorgensen NOT cut by NIKE,TMADDDHASFNE,0
How should i structure a 55mi race week,800mrunnerman,0
Tell me how you carb load for your marathons,bostonhopeful,0
That's not gaslighting!,not a gaslighter,1
Baker Mayfield is the white LeBron,America's fury,1
NFL Playoff Picks,Timmy Treadmore,1
"VO2 Max of 60, but I can't break 18 in the 5k?????",MacDaddy,0
Circumcision to babies should be banned,Let's be honest here it's 2018,1
"Sara Hall should go for the steeple chase at the US Olympic Trials! Crazy take, or possability?",MatthewXCountry,0
Winter Cross Country,Overboard21,0
Sub-17 5k Training,10h,0
Count how many times you read or hear the word surge today,The Unkle,1
Average Training Log/Thread - Just Keeping Track,AverageForFun,0
Said Aouita 50 mpw myth,Dr. Analyser,0
Need advice......My wife has asked for a divorce after 8 years & we have 2 Kids,justanotherstatistic,1
good two-way sync between Outlook (desktop) and Google Calendar?,19-minute guy of computing,1
Osmo Patch? Bursitis?,Osmo?,0
Why didnâ€™t the police close the doors and then arrest everyone?,at the US Capitol,1
Are there any shoes that are similar to the Altra Solstice (that was axed last year)?,rgdfghdgdfgd,0
Strength work while injured?,xc2021,0
"Matt Centrowitz played high stakes poker last night that was broadcast live - He lost nearly $25,000",Gambla,0
Osaka Womenâ€™s Marathon is in 35 days: here are 21 profiles; three every five days,Aussiestatman,0
what ever happened to kenny klotz?,smoke to much?,0
Do you ever think about all the great sports plays that happened that were not caught on camera?,Hardloper,0
Runners Are Modern Day Gladiators Basically,fastboy77,0
WA State Fair '21 (mid-April) already cancelled,jamin,1
I have just listened to the funniest song ever:,Sham 69,1
Corona MF Virus,Going viral,1
Marathon long run workout,RFF,0
Noah Droddy says some workout details b4 2:09 marathon in Trackster interview,xcguy69,0
Is the Hoka Rincon a good alternative to the Nike ZFs? (sans carbon plate),shoe questions22,0
Why Would Saucony Drop Molly Seidel?,@TheRunningEffect,0
Should l do a Sunday long run or 10x a 200 meter hill fast and a pm run of 5 miles,what is going to make me faster,0
This is not going to end well,Worried Predictorer,1
Why do I lose fitness SO QUICKLY?,BETTYBLUE,0
Arnold Schwarzenegger - a Great American Hero!!,conan the barbarian,0
Curtis Mayfield > Big Ben,to state the obvious,1
Lamar Jackson,Lamar Fan,1
Is bitcoin legit?,do i invest,1
Indoor Meets for Unattached HS-age runner in northeast?,themildrunmaster,0
Where the heck is the cross country skiing races and coverage this year??,Zee,1
Kate Grace leaves BTC,alexi pappas,0
54-yr Old Woman Says Men are Jealous of Her Biceps,bartholomew_maxwell,1
Did human civilization jump the shark in 2019?,dxttfdtdr,1
Why is the idea of raising minimum wage so popular?,Wait...,1
NY letting vaccine doses expire because their qualifying patient criteria is too stringent.,free the vaccine,1
Confession: Guy who won our prediction contest admits he doesn't make 7 figures over have a super hot spouse,LetsRun.com,0
Help CoachB Break 6:00 For the Mile Before Age 50,CoachB,0
RHR has doubled and cant hit paces,pablomozart,0
â€˜76ers play NBA game with 6 players due to Covid. Should vaccine be prioritized for pro athletes?,Running Dogg,1
Did Adidas dump Praught-Leer?,Boss Babes,0
Comic movies I wish they would make,Boyd,1
"Jack Daniels Training Failed to hit marathon pace, is it a problem",Babagomboc,0
What happened to Serena Burla?,OG Coconino Cowboy,0
Worth trying a Canova-style plan on 50mpw?,Canovaquestion,0
Hip Pain after running,not an injury expert,0
Has anyone had a sesamoidectomy (sesamoid removed)?,sad runner,0
Can Someone Tell Me How If Someone Is Vaccinated They Can Be Contagious?,idontreallyknow1,1
Do I have College eligibility?,gradstudent1234,0
17:59 5k,cool person,0
Velvet Revolver unleashed!,Slashed,1
Your five favorite female singers,old guy 75,1
I caught a mouse in my basement. I want to release him but it's below freezing. What can I do to give him a fighting chance?,tiny mouse in a home depot bucket.,1
Study Date Etiquette: is it bad to put in earbuds when studying with another person?,study alone,1
Just reported strava to the police,pepelepew,1
"Dominion Sues ""The Kraken"" for $1.3 BILLION in Defamation Suit",Banned in 60 Seconds,1
sub 9:15 2 mile training,Runnerboyseekingadvice,0
Finding a real race?,RunnerGreg,0
Sham's Training Log,Sham 69,0
I just received dose 2 of the Pfizer covid vaccine. Ask me anything.,runner_hero,1
"Canadian basketball star from Toronto, Ehab El Sandali, in high school, becomes star distance runner!",Ghost1,0
"Joe Stilin, where does he go from here?",Film Rep's Friend,0
Serious...Anyone do exercises on a trampoline?,Saywhat2,0
World influences,Armweak,1
Big Tech has a total monopoly on speech now,pauliewalnuts12,1
Training log. Road to ???,Timothayy,0
Sign with Puma,how,0
Half Marathon Heart Rate,Seppo Kaitenenn,0
Why was there such a safety failure at the Capital? What happened?,there have to be reasons,1
Why don't you rich people get bitcoin.,on my side it's a movie,1
Help me pick out a GPS watch?,4runnr,0
Why drive 45 minutes to a track purchase a wheel and measure your own course do you do this,track is to far away,0
"I knew nothing about the market but have made about $12,000 this year",donkey kong,1
Just how good is the HM WR?,Rubio,0
Takumi v7 is out?,shoo smoo,0
Would You Be Happy With the Nike Pegasus 38 if They Just Took the Vomero 14 and Used ZoomX in the Midsole Instead of React?,Kenaneeser Beckelay,0
Ranking top ten women at half marathon this year,Aussiestatman,0
How come we don't hear much about altitude tents anymore do they work,altitude tents thinking of using mine again,0
Is PUMA a good running brand?,@TheRunningEffect,0
Impact of the Nike Dragonfly and nike air zoom victory,VO2max87,0
how often can i time trial 800m or 1600m?,sdfkjbndsbvksndfklvnskdfvkj;sdfnvdfslvbn,0
How Kyle Merber ran Jonathon Gault down like a little girl!!,michiganrunner55,0
"Do ""Correct Toes"" work for Bunions?",Naperville Runner,0
List the best Mexican rappers,jesus christo,1
"Dr. Tony Fauci: ""We could BEGIN to get back to normal in the Fall"" ðŸ˜¡ðŸ‘Ž",jamin,1
Qualifying for Letsrun on a time gradient (proposal),Stoppit Smith,0
"It really is about the foundation (A brief, not entirely original, treatise on training)",DreamChaser1359,0
"Is 5,11.5, 167 lbs to much weight for a runner?",Strivetobebestcanbe,0
New Balance only sponsors American women,Franky is a GIRL,0
ZLevet Sub 14 on least running possible.,ultra&road,0
5 Best White Rappers,Eminem doesnt make the list!,1
Tell me you're a distance runner without telling me you're a distance runner,reply reply reply!,0
Do you have a parler account?,LetsRun 6 9,1
Zoom Fly 3 with Flyknit Upper?,jvarunner,0
"Judge rules IRONMAN's ""No refunds"" policy to be lawful",sports (law) follower,0
New PR in the 10 yard dash at 6'0 and 205 in 46 degrees.... Yay.,John_James_413,0
"Dr. Scott Gottlieb: ""Vaccination doesn't mean people can return to pre-Covid life"" ðŸ˜ ðŸ‘Ž",jamin,1
Zach Levet IS a runner.,Sham 69,0
Low body temp?,not in a cold weather state,0
Coding Bootcamp -> Future Employment ?,I want to change spots,1
China to pay $68 USD to residents who report on other residents who refuse to be tested for COVID,bartholomew_maxwell,1
Running With Longest Stride Possible - The Key To Success??,fastboy77,0
Training for half marathon using Pfitzinger's 12/70 advanced marathon training plan,run613,0
Could Trump Sue Twitter for Banning Him,Law&Order,1
HS Sprinters vs Middle Distance Runners - Who were in your 4x400m Relays?,kore,0
Trail running with flat feet,Aharon,0
The entire upper deck at the Bills-Colts game is empty,bills m,1
SUB 3H marathon running twice a week?,2x-week,0
Media contol/suppression/blocking of info is modern day Nazism,on my side it's a movie,1
"Eliud Kipchoge reveals his big interest in soccer/football, and he is a Spurs supporter and admires Jose Mourinho and Harry Kane",Ghost1,0
Leaving running shoes on doormat outside apartment unit,jamin,0
Manyonga banned for whereabouts failures,Lasse Viren,0
Can we create a Covid survivor free state?,not inside the box,1
600 TT = 800m race fitness?,John A,0
Is there a difference between Capitol incident and Wisconsin protestors ransacking state Capitol?,pauluewalnuts12,1
Training 5K - Racing 2 Mile,md006,0
NFL Quarterback vs Pro distance runner,nate archibald,0
It's a good thing Galen Rupp isn't Norwegian. Did you know altitude chambers are banned in Norway?,rojo,0
Does running in a very hilly area increase injury rate?,lives in a hilly area,0
Question for HS girlsâ€™ distance programs: what is your avg weekly mileage?,share the knowledge!,0
Experiences coming back after stress fx,hipsdontlie,0
Boulder Pride,Creek Path Hero,0
2 mile/3200 training question,Ben Simmons,0
patellofemoral syndrome...does clicking and popping mean permanent damage?,bd,0
BLM not in spotlight anymore after elections,nope........,1
Socially responsible investing: VTI minus social media,huh what,1
The 1500 Meters Documentary (,Pivotal Running,0
How much do you sleep at night? Ben True never sets an alarm clock and sometimes sleeps 11 hrs at night,LetsRun.com,0
Hip pain (impingement / FAI),Jade92,0
20x400m - 5k predictor?,10h,0
"training/competition success stories, to help keep positive in times like this",FutureOldHead,0
"Sub 2:50 marathon, what did your training look like?",lofty goal,0
Shoes like Newton Running,Doodles :),0
2021 National Championships,soeronsFD,0
3k Pacing,yuval7702,0
Is there a supplement or vitamin that you can get at the store that is cheating,looking to find an advantage,0
IAAF now makes it easy to see all the shoe prototypes and upcoming releases,shoo smoo,0
Front of ankle pain please help!,morpheous,0
Youtube to BAN any channel promoting voter/election fraud claims.,bartholomew_maxwell,1
Sondre Nordstad Moen,hr measurement,0
Can someone explain the difference between tempo and threshold?,Goonxxxquit2399,0
Marathon prediction based on long run,thewinthatwas,0
"Josh Hawley's mentor regrets supporting him, calling it the 'worst mistake I ever made'",Capitalism School,1
"Running, Racing News, Training Sites",j bodine,0
4:20 flat 1600m @ the end of outdoor track??,Maneev,0
Mid distance dunker,clockmaster,0
Maintaining Running Streak Through a Vasectomy,Tony Soprano,0
What do I do: run alone or with my friends?,please help123,0
Boston marathon bomber sues for $250k after his hat was confiscated,david47,1
Washing spikes in the washing machine,elmore345,0
Is Debues-Stafford yet another pro that is on thyroid meds?,it must really work,0
RIP Tommy Lasorda,coach,1
"If Iâ€™m not running tempos in base, am I wasting time?",redrunnerzzz,0
Shoe for 50k,31for31,0
Georgia is now a Blue State,How do you feel about it?,1
"""Easy runs during offseason base training""",YungRunna,0
Usatf indoors cancelled,bigmike12,0
Medial Gutter Ankle Pain,ankleman,0
Women's Running's Top 25 most influential list for 2020 is embarrassing,Call me Susan,0
survey of hard liquor,sdfkjbndsbvksndfklvnskdfvkj;sdfnvdfslvbn,1
Sage Canaday amazing skimo transition,coachmandy,0
Southern Pride?,Sham 69,1
Pay it Forward - This video will bring you to tears,bartholomew_maxwell,1
"Football coach fired for merely calling black woman fat, labeled a racist",on my side it's a movie,1
Capitol Police Officer Dies From Injuries Sustained From Pro Trump Rampage,I thought Blue Lives mattered?,1
Who was more violent: DC rioters or BLM rioters?,moral consistency,1
BTC 4 x 1500 record ratified,4:59,0
How seriously do you take your running?,Hobby Jogger in Denial,0
20yr Old New Zealander Sam Tanner Runs 3:36.4 1500m,GreatDane,0
IS letsrun interested in enabling creation of profile pictures? And some profile bio too?,Belarussiya,0
Talent or hard work - which do you admire more?,non-registered user,0
Fellow coaches: please utilize this training exercise for your runners,the430miler,0
Female scholarship times,onarun,0
Fastboy's Training Log for the Week,fastboy77,0
High School Mile: 1930's-1940's,Pondering,0
Should I Go All-In On Bitcoin?,NotFinancialAdvice,1
2021 Sub 4 high schoolers,Never Too Early,0
"Walmsley, Herron, Tons of others to chase 100km WR in Project Carbon X 2",fdafdfas,0
(Road Racing and) Time Trialing and Training Thread - Week Ending 1/3/21,The Stone Cutter,0
D1 Recruiting,Runner12393,0
Why is my generation (Zoomers) so brainwashed by mainstream media?,Sham 69,1
College running standards,HSrunning,0
Congrats to Texan Elon Musk on becoming the richest man in the world,Hardloper,1
My friend is having 100-200 runners come out for cross country to build strength for the 400?,WinnytheBish,0
Anyone wear a hat while running?,Tron,0
Struggles,badmeetsevil,1
How much should i Run to be fit?,runtrackr,0
"Tesla Has Jumped the Shark, is a Dead Company Walking",Oracle of LRC,1
"W 75y runs 100k a week, marathon in 3.52.19",Halviking,0
Quitting drinking,trying again,1
Neuroma on outside of foot?,neuromaman,0
Four dead in Ohio,James R.,1
"training in DC/Alexandria, VA",elliot,0
How would you train a tall and muscular slow twitch runner?,Fiars,0
So why do progression runs?,hobbitjogger,0
A cool Google trick!,standwithbabbitt,1
Are golden retrievers good at running?,My kids want a dog for Christmas,0
What was it like running when depressed?,koriju,0
Are hill workouts on the treadmill as good as outside,SLoWpacE.,0
"Study out today: Vegans, Vegetarians, Pescatarians at higher risk of bone fractures",YMMV,0
Whats your favorite running socks?,Tova,0
Strava Pace Zones,Confuuused,0
Did you know that Medicare is a BAD FORM OF MEDICINE?,the donuts,1
IOCâ€™s Dick Pound: he is not certain Tokyo Games will go ahead,Sushi Express,0
Muscle behind knee catching/popping,heelpineedsomebody,0
Anyone use a jailbroken Fire Stick?,Slim,1
Spotify running playlist?,vincentyyl,0
Help needed (amateur 800m runner),praksis,0
Nipping an achilles problem in the bud,x days without injury,0
Wife of 4 years wants a divorce,miseryinmadbury,1
"NYS ""Detention"" Camp Bill A416",manualf150,1
200m workout question,fastboy77,0
Yesterday's profound impact on unity,lets come together,1
"Look, I'm not saying the election was ""stolen."" We just want a proper audit of all the votes.",Boomer Bob,1
UK Health Minister Matt Hancock: People may need Covid vaccines every 6 months,DanM,1
Lol @ this hand-wringing and pearl clutching over Capitol,pauliewalnuts12,1
Adidas shoe line-up advice,cazo5849,0
Boston University mandates mask for all athletic competitions,H1N1,0
"I tried to warn people what would happen, and now it's happening...",suree,1
"It feels like the ""bone"" on the outside of my ankle is dislocaded. MDs dont find anything wrong",FinJ,0
It's official!! Biden's election win has been certified!!,President-elect,1
1983 New York City Marathon,Lorenzo the Magnificent,0
current shoe most like original Mizuno Wave Sayonara?,nukethewhales,0
"need help finding a song similar to ""the office"" theme song",music to my ears,1
Where's Halie?,MHCxc,0
5k training success on 2 a day,wolfzack,0
Now have NETFLIX access--recommendations of TV SERIES and FILMS?,kibitzer,1
Does running in a shoe in a color you like lead to less injury than running in a color you dislike?,Comfort Colors,0
Has anyone seen the movie Driving Miss Daisy? What is it about?,june flight,1
"Define ""skinny"" for my height and age",fake username 123,0
5k conversion,TheMonke,0
57 COVID deaths in GA today: Post-opening spike starting?,Spyke,1
Financial Times article on Nike,Luv2Run,0
marathon training?,bigballsson,0
500m and 600m = ????????,fastboy77,0
What causes burnout in runners?,Jello 3,0
Sub 17 fitness = what workouts?,Sub17Hopeful,0
I don't know anyone who has entered a virtual race,Kvothe,0
Running on grass for track base,Strivetobebestcanbe,0
Scotland (and England) go into full national lockdown again. Will US be next?,rojo,1
tempo pace for sub 19,hi school,0
Hip Hook - legit or dangerous?,Long time hip pain,0
Double Runs,LookingForAdvice,0
Is there a cure for achilles tendinopathy?,Lighter,0
Problems with Plated Shoes,VOD PAIN,0
Banker or lawyer? Which is the better career choice?,Gregor _,1
why are College Walk-on standards so fast relative to the schools performance,SIlver24,0
What are Robert Brandt's Chances of Making the Olympics?,@TheRunningEffect,0
"Appropriate response to neighborhood driver yelling, â€œrun on the sidewalk!â€ ?",theJeff,0
hello,Edgar acosta,1
Eat Soup or Drink it?,Campellschunky,1
Has anyone had a complete recovery from high hamstring tendonitis?,cati1234,0
Georgia Runoff,hear here,1
Ultra trail runner in need of road shoe for FKT attempt,UltrarunnerTX,0
Coming back from injury. Time for fitness?,trackman111,0
COVID-19 GONE on November 4th?,Verrior,1
New ESPN Indoor Track Series,charlotte murder hornet,0
2020 year in review.... Good running year or bad.,ThePinkFlamingo,0
"Nuking the Sun, is it possible?",Educated_Observer,1
"One of the best runners in Bosnia and Herzegovina, Osman Junuzovic, passed away",40e,0
5k on Saturday 18:30 is the goal how hard can that be?,trumpedthevirus,0
Whatever happened to the kid in your class who spent lot of idle time making cool pencil art drawings to pass the time?,bartholomew_maxwell,1
A Few Questions for People Who Voted for Trump in 2020,promises you can't keep,1
What a TT predicts,just_wondering,0
Informative Video Shows What Doctors are Doing During These Hard Times...,Sham 69,1
Dr Dre in ICU.....suffered brain aneurysm,Malik Shabazz,1
Heart rate after running,Pass the pretzels,0
Add Brynn Brown's 2020 TX State Meet 16:25.9 to the XC Record Books,Bower Man,0
Are the top high school XC programs in Colorado recruiting?,Stjane,0
Letsrun has bullied Drew Hunter off Strava,Letsrun Strikes Again,0
Dirt roads close to Chapel Hill/UNC?,Runner937,0
Base Training Explanation Please,Australian Distance Runner Returning,0
"Just ate an entire pizza in one sitting, is it that bad?",extra cheese,0
Olympics in Africa? When does it happen?,kinshasa2032,0
Burning AU & NZ Reviews,burningketoaus,0
Montreat Track Coach in Serious Car Accident: Help Out If You Can.,NC Runner,0
Fast twitch vs Slow twitch interval training,curious runner,0
Why do the best runners retire...?,fastboy77,0
Can I get twitter analytics for another account?,jimmyfinch,1
Cranny/Schweitzer injured???,uh ohhhh,0
Shots Fired Inside Capitol,bartholomew_maxwell,1
endorphin pro,temposhoes,0
Top NAIA Coach,naiarunner,0
"Shock in Norway, cross country ski star Petter Northug convicted, goes to prison",Ghost1,1
"College Coaches who didn't have a season, were you still being paid?",biggerboy12,0
Running 5k Cross Country,GoFastEatAss,0
Best ways to track running mileage & pace,back_to_running,0
Liam Anderson update?,whatswrongonthefarm,0
Is it realistic to escape to a high altitude town to just train and work a simple job?,Hazel,0
Is Robby Creese update?,i like to run,0
"Ranking the top twenty Marathoners, male and female",Aussiestatman,0
My husband wants to buy a car and I think that's a bad idea - what do you think?,Unsure frugal gal,1
"No charges in Jacob Blake Case: Will Kenosha, Wisconsin burn tonight?",Let's have peace for once,1
Kenya mountain running nationals on Sunday.,The Wizard JS,0
What do DC rioters and BLM rioters have in common?,moral and intellectual consistency,1
What is skinny for my height & age& body fat %?,skinny question mark,0
Anyone on here have covid and lose your sense of smell?,the rona curse,1
Poll: Will the Tokyo olympics happen?,Just call me Gallup,0
Female College Workouts?,distance rnr,0
Joe Vigil Mile Repeats,XC Coach,0
Best song ever?,Greg,1
Injury and biking thread,thefasterslowkid,0
Has anyone had an OATS procedure? (for knee bone/cartilage),truffle,0
Outdoor tracks,ordsully,0
Emo = cool?,Sham 69,1
Georgia Election Graph,suree,1
How much did Covid set back your running?,rona runner,0
What song do you want played at your funeral?,"Nature, red in tooth and claw",1
Warming up for mile and short interval work in cold weather,RossHunt,0
Why is gambling immoral?,ghi,1
Fraud confirmed in the Georgia election,Armstronglivs,1
Stock markets respond.,Skyward,1
The 59 second minute.,correctamundo,1
Galen Rupp Pollen Mask?,ruppwannabe,0
Is $39/month for adaptive training program worth it?,Above Average At Best,0
Is my planned course load too intense?,"LRC math/econ guys, need your help",1
Charter/Spectrum has increased internet only price to $75 per month,bug dikk,1
Is Claudia Lane update???,fghrunner,0
What pace shouldmy long runs be?,erios22,0
My maraton time dropped when replacing running with cross country skiing,Fiars,0
IHSA Official,runslowrunfastrun,0
Georgia Runoff Summed Up In One Graph,sureee,1
Whats the rule with jewelry as a man? Two/three items watch included?,George 123,1
Epilogue: Election Results 2021 - what now?,So what now?,1
"If you were on The Bachelor or other reality show, would you try to continue your training plan?",sub sub elite local hobby jogger,0
Extremely high blood values,mile high city,0
From the Letsrun Podcast: Is Marty Hehir better than Frank Shorter?,WinnytheBish,0
DIY present for fairly new girlfriend,sub-sub elite fast dumb boy with enlarged heart,1
Fastest ever run MILE ON THE RAOD?,KAV,0
Zoom Invincible: drops early feb,full zoom,0
Any hip experts here?,Mike Riser,0
Vaccine distribution rates,Will this change things,1
Citizenship rules for World Championships?,8g79fwh0wfbv,0
They need to vaccinate normal people first,Not a doctor,1
I have a pair of the new victories and I donâ€™t like them ama,single single single,0
Thin man challenges Reid Coolsaet,Ghost1,0
"According to my computations, we should be back to normal by March 21, 2021",Hardloper,1
800m Scholarships - Big EAST,Anon7,0
Can anyone give me some good fake answers to these customer service questions?,QAxkser,1
Molly Seidel ROAST Protosofthegram,RuningManJumpSuit,0
Unpopular Opinion: Stride Length is More Important than Turnover,Manbearpig15,0
Why did I suddenly get so much worse at running.,asthma123,0
Podium runner names it's top 21 shoes of 2020. Guess how many cost les than $100 and guess show many of them are Nike?,is running really a cheap sport?,0
Ran in running tights for the first time today. I have seen the light!,vivalarepublica,0
Serious discussion on John Wick 3,Alicia Schmidt #2,1
Molly Huddle 16:22,reddragon,0
Aerobic Intervals,How come?,0
When did you feel diet began to play a significant role in your training/body composition? 20 year old asking,konrad1198,0
Jakob Ingebrigtsen Training,runnerrunner100,0
I Bought 3 pairs of Peg Turbos for $190 at Nike Outlet,Grogu,0
Sprint volume,[emailÂ protected],0
The Official Letsrun Strength Training for Runners Thread,Runningart2004,0
Iâ€™m in the shape of my life. AMA,Post College Guy,0
BLAIR MANCINI,NPalumn,0
How would you spend unlimited money?,X-Runner,1
Sprint Training Beneficial?,fastboy77,0
Need shoe help! Please advise,Shoe_Question,0
Molly Seidel Signing BIG Contract w/ PUMA!,TitanRunner617,0
Need some help analyzing COVID-19 data,richy,1
Genzebe Dibaba to make Half Marathon debut next month,Aussiestatman,0
Popliteal Artery Entrapment Syndrome,What to do?,0
Workout Plans This Week... Should I?,fastboy77,0
HARDEST EVENT IN TRACK IS...? *DRUMROLL*,fastboy77,0
Funny Justin Wachtel Joke,Sham 69,1
Peter Snell Has Died,"Hoser, eh",0
Is Molly Seidel heading to Puma??,I_Chose_D2,0
"Cornell researchers: Vaporflys improve men's times by 2.1 to 4.1 minutes in marathon, women improve between 1.2 and 4 mins",rojo,0
Harvard Prof: Aliens visited us in 2017,rojo,1
"If your job required you to get vaccinated, would you quit?",Seriously thinking about leaving,1
My wife and I are buying a purebred dog...why is there a stigma,Nike Marketing Team,1
NRR: Starting a home woodshop - advice?,Woody woodpecker,1
"After getting the COVID vaccine, I am unable to satisfy a woman.",thanks a lot fauci,1
Tanya Roberts is alive!,Star,1
Female reporter taunts Trevor Lawrence in press conference. Imagine if the gender roles were reversed!,double standard,1
Slowest/hardest marathon course?,guevos,0
Help!! chances of running at top colleges,gal who runs,0
Your easy pace,Run6556,0
Were lockdowns worth the price?,Baba Yaga,1
COVID Vaccine responses,TheRealCOVID,1
"Ryan Hill joins HOKA ONE ONE NAZ Elite - Clifton gang, baby!!!",qwertyasdf,0
best race protocol for covid safety,rudy,0
Tommy Rivs in ICU?,chicairo,0
"South Korean doctor: ""It's survival of the fittest,"" humans stand no chance against ever-mutating coronavirus",jamin,1
"Used Older Model Nike Track Spikes (e.g., Jasari +, Miler, Original Victory) - Worth Anything?",ThingsMayHaveChanged,0
Why did I have such a terrible workout? Should I be worried?,Failed workout,0
What are deadbeat tenants planning to do once eviction restrictions end?,what's the plan?,1
Nike Turbo 2 Replacements?,imperfect shoes?,0
How will you feel if Usain Bolt's record is broken with super shoes?,duuuude,0
Mick Iacofano - Once and Future World Record Holder?,Ackley,0
Ever gone to the bank and noticed how they have nicer furniture than you do?,"Dave Ramsey, CFA",1
"My friend just ran 18 high with two months and a half o training coming ""from the couch""",maaaybe...,0
Adidas Adizero Pro,Earlyboy,0
Is it possible to get a serious STD from brief oral? ,Concerned former competitor,1
The athlete special Zach Levet beef?,itsov,0
How hokey are downhill marathon runs?,Hocus Pocus,0
Over 3 MILLION Outsiders Expected in DC on Jan. 6,suree,1
Heart rate significantly higher for days - what the hell?,HRRRRRR,0
Best audiobook you've listened to?,Distance Commuter,1
Why is skating not popular cross training?,ienjoyracing,0
More infectious...less deadly?,maybe?,1
Anyone laugh at your broke friends who have kids?,kid hater,1
How long does it take to get from hobby jogger shape to competitive runner shape?,Didn't run D1,0
Are there any gold label marathons going on this spring?,lord Farqua,0
My top 5 urban parks in the world for running - what are yours?,dirtbagrunner,0
A LetsRun app?,LR app,0
Any SQL programmers on here,computer illiterate man,1
Tim Hutchings savage quote about spring loaded mechanized shoes,^,0
Zach Levet Signs Deal With Hoka,@TheRunningEffect,0
When will people stop complaining about carbon-plated shoes?,Alexi Santana,0
OpenAI of Elon Musk defeats pro e-gamer Dendi twice at DOTA 2,Not a way to make a living,1
Unattached races anytime soon?,d4runner,0
Breaking: Brenda Martinez tested positive but is cleared by USADA,rojo,0
"Team INGEBRITSEN, SEASON 4, Episode 1 now on You Tube",tj ,0
OUTRAGE At Florida Attorney Who Filmed Himself Pushing a Raccoon Off His Boat and Taunting It,bartholomew_maxwell,1
Heart Ablation,Braavo Furgi,0
Gen Z is right. It really is tougher to be a kid these days!,Live at home forever,1
Economics Major - do I get into data science or software development ,Too much data,1
40-something in the Nike zoom alpha fly,ploppyman,0
Wow this video gave me tears,bartholomew_maxwell,1
Strange text exchange with crush,addicted to blue cheese,1
Do you go off effort if the conditions slow you down on a workout,mud and snow Northern runner,0
Washington Football Team 2021 AND 2022 Championship Thread!,red5,1
ZoomX Dragonfly vs Air Zoom Victory for track 3200s,runningman2020,0
Whole body is tight HELP!!!,Runnerboyseekingadvice,0
Upper Achilles Tendon Pain,concerned runner,0
When will the third stimulus check be coming?,bryan evans,1
Is the Waffle House the best restaurant in America?,bigjohntravolta,1
Fred Arapmayiek,Flagpole Willy,0
My quest for sub 1:50 in the 800m,ThatAverageRunner,0
NCAA Indoors vs XC?,D1 team member,0
Not Running Related At ALLL,fastboy77,1
Does the Mainstream Liberal Media know any synonyms for Baseless??,Ihatejoe,1
Downhill Skiers of LetsRun - How often do you get new boots?,RuningManJumpSuit,1
Dallas Cowboys 2022 Super Bowl Champions thread,Skip Clueless,1
Strava - elevation calculation,heavymetalrunner,0
Olympics Womens Pole Vaulting Qualifying Report,pinoyathletics.info,0
Shotput Olympic Mens Qualifying Report,pinoyathletics.info,0
Washington Football Team will BEAT Buccaneers,Jokerrr,1
Infinity run flyknit 2,highhoppingworm,0
Shadrack Biwott leaves Hansons?,Pick It Up,0
Best Multivitamin/supplements for distance runners?,WalterWhite,0
The Sunday Night Football theme song is hopelessly cheesy and needs to be eliminated,Hello Newman,1
"My cross country season starts in 3 weeks, what workouts should I do before then?",california hs runner,0
Lydiard or Daniels.,[emailÂ protected],0
The sport of track and field would be better off if Clyde Hart never entered it and took up coaching.,Wrestling cat,0
Air Support and Music and Speed...a competition!!!,Stoppit Smith,0
"Europe is starting to shut down, will America follow suite?",mask off,1
GPS watch issues,Alexi Santana,0
Are single guys in their 30s supposed to own a home?,hautabomb,1
I just bought a chevy chevette but I think it has TOO MUCH power,it's a 1985,1
Breaking Physics News - Falcon timed a 390 klm/hour on a dive to catch mouse ðŸ,Free Agent Cam Newton,1
"If you break mask or distancing rules, you should be identified and prevented from receiving the vaccine before others",old but fit,1
Can you train and smoke cannabis at the same time?,N.,0
Dallas Cowboys 2021 Super Bowl Champions thread,wejo,1
Training Log for High School,JustAnotherRunner123,0
What was your worst shoe purhcase of 2020? Mine was the....,Kenaneeser Beckelay,0
Remember before X-MAS when they told us there was ZERO ICU capacity in the SoCal region? They Lied.,Allen53,1
Naser El Saiweh - Bahrain,different23,0
best race protocol for dodging covid,rudy,0
"What was the best prize you won from a race, what distance, and what was your time?",Prize Man,0
Why is Los Angeles #1 in Homelessness and Welfare?,wazzu1452,1
COVID Vaccine Logic,You_Stole_From_GWH,1
Kellyn Taylor on Spartan Games,huntersheriff,0
how to approach german girl at gym?,dwight',1
"I can do 50 push ups, 10 behind the neck wide grip pull ups no excuse for runners to have no upper body strength",need to get strong,0
